{
  "RECORDS": [
    {
      "id": "1",
      "denomination": "Bimestral",
      "abbreviation": "Bimestres",
      "period": "6",
      "cant_mouth": "2",
      "state": "t",
      "created_at": "2020-08-25 15:02:53-05:05",
      "updated_at": "2020-08-25 15:02:55-05:05",
      "deleted_at": null
    },
    {
      "id": "2",
      "denomination": "Trimestral",
      "abbreviation": "Trimestres",
      "period": "4",
      "cant_mouth": "3",
      "state": "t",
      "created_at": "2020-08-25 15:02:53-05:05",
      "updated_at": "2020-08-25 15:02:55-05:05",
      "deleted_at": null
    },
    {
      "id": "3",
      "denomination": "Cuatrimestral",
      "abbreviation": "Cuatrimestres",
      "period": "3",
      "cant_mouth": "4",
      "state": "t",
      "created_at": "2020-08-25 15:02:53-05:05",
      "updated_at": "2020-08-25 15:02:55-05:05",
      "deleted_at": null
    },
    {
      "id": "4",
      "denomination": "Semestral",
      "abbreviation": "Semestres",
      "period": "2",
      "cant_mouth": "6",
      "state": "t",
      "created_at": "2020-08-25 15:02:53-05:05",
      "updated_at": "2020-08-25 15:02:55-05:05",
      "deleted_at": null
    }
  ]
}