{
  "RECORDS": [
    {
      "id": "1",
      "denomination": "Calendario Académico 2000",
      "date_start": "2000-01-01",
      "date_end": "2000-12-31",
      "state": "f",
      "created_at": "2020-08-25 15:02:53-05:05",
      "updated_at": "2020-08-25 15:02:55-05:05",
      "deleted_at": null
    },
    {
      "id": "2",
      "denomination": "Calendario Académico 2001",
      "date_start": "2001-01-01",
      "date_end": "2001-12-31",
      "state": "f",
      "created_at": "2020-08-25 15:02:53-05:05",
      "updated_at": "2020-08-25 15:02:55-05:05",
      "deleted_at": null
    },
    {
      "id": "3",
      "denomination": "Calendario Académico 2002",
      "date_start": "2002-01-01",
      "date_end": "2002-12-31",
      "state": "f",
      "created_at": "2020-08-25 15:02:53-05:05",
      "updated_at": "2020-08-25 15:02:55-05:05",
      "deleted_at": null
    },
    {
      "id": "4",
      "denomination": "Calendario Académico 2003",
      "date_start": "2003-01-01",
      "date_end": "2003-12-31",
      "state": "f",
      "created_at": "2020-08-25 15:02:53-05:05",
      "updated_at": "2020-08-25 15:02:55-05:05",
      "deleted_at": null
    },
    {
      "id": "5",
      "denomination": "Calendario Académico 2004",
      "date_start": "2004-01-01",
      "date_end": "2004-12-31",
      "state": "f",
      "created_at": "2020-08-25 15:02:53-05:05",
      "updated_at": "2020-08-25 15:02:55-05:05",
      "deleted_at": null
    },
    {
      "id": "6",
      "denomination": "Calendario Académico 2005",
      "date_start": "2005-01-01",
      "date_end": "2005-12-31",
      "state": "f",
      "created_at": "2020-08-25 15:02:53-05:05",
      "updated_at": "2020-08-25 15:02:55-05:05",
      "deleted_at": null
    },
    {
      "id": "7",
      "denomination": "Calendario Académico 2006",
      "date_start": "2006-01-01",
      "date_end": "2006-12-31",
      "state": "f",
      "created_at": "2020-08-25 15:02:53-05:05",
      "updated_at": "2020-08-25 15:02:55-05:05",
      "deleted_at": null
    },
    {
      "id": "8",
      "denomination": "Calendario Académico 2007",
      "date_start": "2007-01-01",
      "date_end": "2007-12-31",
      "state": "f",
      "created_at": "2020-08-25 15:02:53-05:05",
      "updated_at": "2020-08-25 15:02:55-05:05",
      "deleted_at": null
    },
    {
      "id": "9",
      "denomination": "Calendario Académico 2008",
      "date_start": "2008-01-01",
      "date_end": "2008-12-31",
      "state": "f",
      "created_at": "2020-08-25 15:02:53-05:05",
      "updated_at": "2020-08-25 15:02:55-05:05",
      "deleted_at": null
    },
    {
      "id": "10",
      "denomination": "Calendario Académico 2009",
      "date_start": "2009-01-01",
      "date_end": "2009-12-31",
      "state": "f",
      "created_at": "2020-08-25 15:02:53-05:05",
      "updated_at": "2020-08-25 15:02:55-05:05",
      "deleted_at": null
    },
    {
      "id": "11",
      "denomination": "Calendario Académico 2010",
      "date_start": "2010-01-01",
      "date_end": "2010-12-31",
      "state": "f",
      "created_at": "2020-08-25 15:02:53-05:05",
      "updated_at": "2020-08-25 15:02:55-05:05",
      "deleted_at": null
    },
    {
      "id": "12",
      "denomination": "Calendario Académico 2011",
      "date_start": "2011-01-01",
      "date_end": "2011-12-31",
      "state": "f",
      "created_at": "2020-08-25 15:02:53-05:05",
      "updated_at": "2020-08-25 15:02:55-05:05",
      "deleted_at": null
    },
    {
      "id": "13",
      "denomination": "Calendario Académico 2012",
      "date_start": "2012-01-01",
      "date_end": "2012-12-31",
      "state": "f",
      "created_at": "2020-08-25 15:02:53-05:05",
      "updated_at": "2020-08-25 15:02:55-05:05",
      "deleted_at": null
    },
    {
      "id": "14",
      "denomination": "Calendario Académico 2013",
      "date_start": "2013-01-01",
      "date_end": "2013-12-31",
      "state": "f",
      "created_at": "2020-08-25 15:02:53-05:05",
      "updated_at": "2020-08-25 15:02:55-05:05",
      "deleted_at": null
    },
    {
      "id": "15",
      "denomination": "Calendario Académico 2014",
      "date_start": "2014-01-01",
      "date_end": "2014-12-31",
      "state": "f",
      "created_at": "2020-08-25 15:02:53-05:05",
      "updated_at": "2020-08-25 15:02:55-05:05",
      "deleted_at": null
    },
    {
      "id": "16",
      "denomination": "Calendario Académico 2015",
      "date_start": "2015-01-01",
      "date_end": "2015-12-31",
      "state": "f",
      "created_at": "2020-08-25 15:02:53-05:05",
      "updated_at": "2020-08-25 15:02:55-05:05",
      "deleted_at": null
    },
    {
      "id": "17",
      "denomination": "Calendario Académico 2016",
      "date_start": "2016-01-01",
      "date_end": "2016-12-31",
      "state": "f",
      "created_at": "2020-08-25 15:02:53-05:05",
      "updated_at": "2020-08-25 15:02:55-05:05",
      "deleted_at": null
    },
    {
      "id": "18",
      "denomination": "Calendario Académico 2017",
      "date_start": "2017-01-01",
      "date_end": "2017-12-31",
      "state": "f",
      "created_at": "2020-08-25 15:02:53-05:05",
      "updated_at": "2020-08-25 15:02:55-05:05",
      "deleted_at": null
    },
    {
      "id": "19",
      "denomination": "Calendario Académico 2018",
      "date_start": "2018-01-01",
      "date_end": "2018-12-31",
      "state": "f",
      "created_at": "2020-08-25 15:02:53-05:05",
      "updated_at": "2020-08-25 15:02:55-05:05",
      "deleted_at": null
    },
    {
      "id": "20",
      "denomination": "Calendario Académico 2019",
      "date_start": "2019-01-01",
      "date_end": "2019-12-31",
      "state": "f",
      "created_at": "2020-08-25 15:02:53-05:05",
      "updated_at": "2020-08-25 15:02:55-05:05",
      "deleted_at": null
    },
    {
      "id": "22",
      "denomination": "Calendario Académico 2021",
      "date_start": "2021-01-01",
      "date_end": "2021-12-31",
      "state": "t",
      "created_at": "2021-03-15 14:17:24.329-05:05",
      "updated_at": "2021-03-15 14:17:24.329-05:05",
      "deleted_at": null
    },
    {
      "id": "21",
      "denomination": "Calendario Académico 2020",
      "date_start": "2020-01-01",
      "date_end": "2020-12-31",
      "state": "f",
      "created_at": "2020-08-25 15:02:53-05:05",
      "updated_at": "2021-03-15 14:18:04.323-05:05",
      "deleted_at": null
    }
  ]
}