{
  "RECORDS": [
    {
      "id": "23",
      "id_academic_calendar": "6",
      "id_semester": "3",
      "denomination": "PROCESO 3",
      "state": "f",
      "created_at": "2020-11-14 15:44:44-05:05",
      "updated_at": "2020-11-14 15:44:44-05:05",
      "deleted_at": null
    },
    {
      "id": "25",
      "id_academic_calendar": "7",
      "id_semester": "1",
      "denomination": "PROCESO 1",
      "state": "t",
      "created_at": "2020-11-14 15:44:44-05:05",
      "updated_at": "2020-11-14 15:44:44-05:05",
      "deleted_at": null
    },
    {
      "id": "81",
      "id_academic_calendar": "21",
      "id_semester": "1",
      "denomination": "PROCESO 1",
      "state": "t",
      "created_at": "2020-11-14 15:44:44-05:05",
      "updated_at": "2020-11-14 15:44:44-05:05",
      "deleted_at": null
    },
    {
      "id": "82",
      "id_academic_calendar": "21",
      "id_semester": "2",
      "denomination": "PROCESO 2",
      "state": "t",
      "created_at": "2020-11-14 15:44:44-05:05",
      "updated_at": "2020-11-14 15:44:44-05:05",
      "deleted_at": null
    },
    {
      "id": "83",
      "id_academic_calendar": "21",
      "id_semester": "3",
      "denomination": "PROCESO 3",
      "state": "f",
      "created_at": "2020-11-14 15:44:44-05:05",
      "updated_at": "2020-11-14 15:44:44-05:05",
      "deleted_at": null
    },
    {
      "id": "84",
      "id_academic_calendar": "21",
      "id_semester": "4",
      "denomination": "PROCESO 4",
      "state": "f",
      "created_at": "2020-11-14 15:44:44-05:05",
      "updated_at": "2020-11-14 15:44:44-05:05",
      "deleted_at": null
    },
    {
      "id": "1",
      "id_academic_calendar": "1",
      "id_semester": "1",
      "denomination": "PROCESO 1",
      "state": "t",
      "created_at": "2020-11-14 15:44:44-05:05",
      "updated_at": "2020-11-14 15:44:44-05:05",
      "deleted_at": null
    },
    {
      "id": "2",
      "id_academic_calendar": "1",
      "id_semester": "2",
      "denomination": "PROCESO 2",
      "state": "t",
      "created_at": "2020-11-14 15:44:44-05:05",
      "updated_at": "2020-11-14 15:44:44-05:05",
      "deleted_at": null
    },
    {
      "id": "3",
      "id_academic_calendar": "1",
      "id_semester": "3",
      "denomination": "PROCESO 3",
      "state": "f",
      "created_at": "2020-11-14 15:44:44-05:05",
      "updated_at": "2020-11-14 15:44:44-05:05",
      "deleted_at": null
    },
    {
      "id": "4",
      "id_academic_calendar": "1",
      "id_semester": "4",
      "denomination": "PROCESO 4",
      "state": "f",
      "created_at": "2020-11-14 15:44:44-05:05",
      "updated_at": "2020-11-14 15:44:44-05:05",
      "deleted_at": null
    },
    {
      "id": "5",
      "id_academic_calendar": "2",
      "id_semester": "1",
      "denomination": "PROCESO 1",
      "state": "t",
      "created_at": "2020-11-14 15:44:44-05:05",
      "updated_at": "2020-11-14 15:44:44-05:05",
      "deleted_at": null
    },
    {
      "id": "6",
      "id_academic_calendar": "2",
      "id_semester": "2",
      "denomination": "PROCESO 2",
      "state": "t",
      "created_at": "2020-11-14 15:44:44-05:05",
      "updated_at": "2020-11-14 15:44:44-05:05",
      "deleted_at": null
    },
    {
      "id": "7",
      "id_academic_calendar": "2",
      "id_semester": "3",
      "denomination": "PROCESO 3",
      "state": "f",
      "created_at": "2020-11-14 15:44:44-05:05",
      "updated_at": "2020-11-14 15:44:44-05:05",
      "deleted_at": null
    },
    {
      "id": "8",
      "id_academic_calendar": "2",
      "id_semester": "4",
      "denomination": "PROCESO 4",
      "state": "f",
      "created_at": "2020-11-14 15:44:44-05:05",
      "updated_at": "2020-11-14 15:44:44-05:05",
      "deleted_at": null
    },
    {
      "id": "9",
      "id_academic_calendar": "3",
      "id_semester": "1",
      "denomination": "PROCESO 1",
      "state": "t",
      "created_at": "2020-11-14 15:44:44-05:05",
      "updated_at": "2020-11-14 15:44:44-05:05",
      "deleted_at": null
    },
    {
      "id": "10",
      "id_academic_calendar": "3",
      "id_semester": "2",
      "denomination": "PROCESO 2",
      "state": "t",
      "created_at": "2020-11-14 15:44:44-05:05",
      "updated_at": "2020-11-14 15:44:44-05:05",
      "deleted_at": null
    },
    {
      "id": "11",
      "id_academic_calendar": "3",
      "id_semester": "3",
      "denomination": "PROCESO 3",
      "state": "f",
      "created_at": "2020-11-14 15:44:44-05:05",
      "updated_at": "2020-11-14 15:44:44-05:05",
      "deleted_at": null
    },
    {
      "id": "12",
      "id_academic_calendar": "3",
      "id_semester": "4",
      "denomination": "PROCESO 4",
      "state": "f",
      "created_at": "2020-11-14 15:44:44-05:05",
      "updated_at": "2020-11-14 15:44:44-05:05",
      "deleted_at": null
    },
    {
      "id": "13",
      "id_academic_calendar": "4",
      "id_semester": "1",
      "denomination": "PROCESO 1",
      "state": "t",
      "created_at": "2020-11-14 15:44:44-05:05",
      "updated_at": "2020-11-14 15:44:44-05:05",
      "deleted_at": null
    },
    {
      "id": "14",
      "id_academic_calendar": "4",
      "id_semester": "2",
      "denomination": "PROCESO 2",
      "state": "t",
      "created_at": "2020-11-14 15:44:44-05:05",
      "updated_at": "2020-11-14 15:44:44-05:05",
      "deleted_at": null
    },
    {
      "id": "15",
      "id_academic_calendar": "4",
      "id_semester": "3",
      "denomination": "PROCESO 3",
      "state": "f",
      "created_at": "2020-11-14 15:44:44-05:05",
      "updated_at": "2020-11-14 15:44:44-05:05",
      "deleted_at": null
    },
    {
      "id": "16",
      "id_academic_calendar": "4",
      "id_semester": "4",
      "denomination": "PROCESO 4",
      "state": "f",
      "created_at": "2020-11-14 15:44:44-05:05",
      "updated_at": "2020-11-14 15:44:44-05:05",
      "deleted_at": null
    },
    {
      "id": "17",
      "id_academic_calendar": "5",
      "id_semester": "1",
      "denomination": "PROCESO 1",
      "state": "t",
      "created_at": "2020-11-14 15:44:44-05:05",
      "updated_at": "2020-11-14 15:44:44-05:05",
      "deleted_at": null
    },
    {
      "id": "18",
      "id_academic_calendar": "5",
      "id_semester": "2",
      "denomination": "PROCESO 2",
      "state": "t",
      "created_at": "2020-11-14 15:44:44-05:05",
      "updated_at": "2020-11-14 15:44:44-05:05",
      "deleted_at": null
    },
    {
      "id": "19",
      "id_academic_calendar": "5",
      "id_semester": "3",
      "denomination": "PROCESO 3",
      "state": "f",
      "created_at": "2020-11-14 15:44:44-05:05",
      "updated_at": "2020-11-14 15:44:44-05:05",
      "deleted_at": null
    },
    {
      "id": "20",
      "id_academic_calendar": "5",
      "id_semester": "4",
      "denomination": "PROCESO 4",
      "state": "f",
      "created_at": "2020-11-14 15:44:44-05:05",
      "updated_at": "2020-11-14 15:44:44-05:05",
      "deleted_at": null
    },
    {
      "id": "21",
      "id_academic_calendar": "6",
      "id_semester": "1",
      "denomination": "PROCESO 1",
      "state": "t",
      "created_at": "2020-11-14 15:44:44-05:05",
      "updated_at": "2020-11-14 15:44:44-05:05",
      "deleted_at": null
    },
    {
      "id": "26",
      "id_academic_calendar": "7",
      "id_semester": "2",
      "denomination": "PROCESO 2",
      "state": "t",
      "created_at": "2020-11-14 15:44:44-05:05",
      "updated_at": "2020-11-14 15:44:44-05:05",
      "deleted_at": null
    },
    {
      "id": "27",
      "id_academic_calendar": "7",
      "id_semester": "3",
      "denomination": "PROCESO 3",
      "state": "f",
      "created_at": "2020-11-14 15:44:44-05:05",
      "updated_at": "2020-11-14 15:44:44-05:05",
      "deleted_at": null
    },
    {
      "id": "28",
      "id_academic_calendar": "7",
      "id_semester": "4",
      "denomination": "PROCESO 4",
      "state": "f",
      "created_at": "2020-11-14 15:44:44-05:05",
      "updated_at": "2020-11-14 15:44:44-05:05",
      "deleted_at": null
    },
    {
      "id": "29",
      "id_academic_calendar": "8",
      "id_semester": "1",
      "denomination": "PROCESO 1",
      "state": "t",
      "created_at": "2020-11-14 15:44:44-05:05",
      "updated_at": "2020-11-14 15:44:44-05:05",
      "deleted_at": null
    },
    {
      "id": "30",
      "id_academic_calendar": "8",
      "id_semester": "2",
      "denomination": "PROCESO 2",
      "state": "t",
      "created_at": "2020-11-14 15:44:44-05:05",
      "updated_at": "2020-11-14 15:44:44-05:05",
      "deleted_at": null
    },
    {
      "id": "31",
      "id_academic_calendar": "8",
      "id_semester": "3",
      "denomination": "PROCESO 3",
      "state": "f",
      "created_at": "2020-11-14 15:44:44-05:05",
      "updated_at": "2020-11-14 15:44:44-05:05",
      "deleted_at": null
    },
    {
      "id": "32",
      "id_academic_calendar": "8",
      "id_semester": "4",
      "denomination": "PROCESO 4",
      "state": "f",
      "created_at": "2020-11-14 15:44:44-05:05",
      "updated_at": "2020-11-14 15:44:44-05:05",
      "deleted_at": null
    },
    {
      "id": "33",
      "id_academic_calendar": "9",
      "id_semester": "1",
      "denomination": "PROCESO 1",
      "state": "t",
      "created_at": "2020-11-14 15:44:44-05:05",
      "updated_at": "2020-11-14 15:44:44-05:05",
      "deleted_at": null
    },
    {
      "id": "34",
      "id_academic_calendar": "9",
      "id_semester": "2",
      "denomination": "PROCESO 2",
      "state": "t",
      "created_at": "2020-11-14 15:44:44-05:05",
      "updated_at": "2020-11-14 15:44:44-05:05",
      "deleted_at": null
    },
    {
      "id": "35",
      "id_academic_calendar": "9",
      "id_semester": "3",
      "denomination": "PROCESO 3",
      "state": "f",
      "created_at": "2020-11-14 15:44:44-05:05",
      "updated_at": "2020-11-14 15:44:44-05:05",
      "deleted_at": null
    },
    {
      "id": "36",
      "id_academic_calendar": "9",
      "id_semester": "4",
      "denomination": "PROCESO 4",
      "state": "f",
      "created_at": "2020-11-14 15:44:44-05:05",
      "updated_at": "2020-11-14 15:44:44-05:05",
      "deleted_at": null
    },
    {
      "id": "37",
      "id_academic_calendar": "10",
      "id_semester": "1",
      "denomination": "PROCESO 1",
      "state": "t",
      "created_at": "2020-11-14 15:44:44-05:05",
      "updated_at": "2020-11-14 15:44:44-05:05",
      "deleted_at": null
    },
    {
      "id": "38",
      "id_academic_calendar": "10",
      "id_semester": "2",
      "denomination": "PROCESO 2",
      "state": "t",
      "created_at": "2020-11-14 15:44:44-05:05",
      "updated_at": "2020-11-14 15:44:44-05:05",
      "deleted_at": null
    },
    {
      "id": "39",
      "id_academic_calendar": "10",
      "id_semester": "3",
      "denomination": "PROCESO 3",
      "state": "f",
      "created_at": "2020-11-14 15:44:44-05:05",
      "updated_at": "2020-11-14 15:44:44-05:05",
      "deleted_at": null
    },
    {
      "id": "40",
      "id_academic_calendar": "10",
      "id_semester": "4",
      "denomination": "PROCESO 4",
      "state": "f",
      "created_at": "2020-11-14 15:44:44-05:05",
      "updated_at": "2020-11-14 15:44:44-05:05",
      "deleted_at": null
    },
    {
      "id": "41",
      "id_academic_calendar": "11",
      "id_semester": "1",
      "denomination": "PROCESO 1",
      "state": "t",
      "created_at": "2020-11-14 15:44:44-05:05",
      "updated_at": "2020-11-14 15:44:44-05:05",
      "deleted_at": null
    },
    {
      "id": "42",
      "id_academic_calendar": "11",
      "id_semester": "2",
      "denomination": "PROCESO 2",
      "state": "t",
      "created_at": "2020-11-14 15:44:44-05:05",
      "updated_at": "2020-11-14 15:44:44-05:05",
      "deleted_at": null
    },
    {
      "id": "43",
      "id_academic_calendar": "11",
      "id_semester": "3",
      "denomination": "PROCESO 3",
      "state": "f",
      "created_at": "2020-11-14 15:44:44-05:05",
      "updated_at": "2020-11-14 15:44:44-05:05",
      "deleted_at": null
    },
    {
      "id": "44",
      "id_academic_calendar": "11",
      "id_semester": "4",
      "denomination": "PROCESO 4",
      "state": "f",
      "created_at": "2020-11-14 15:44:44-05:05",
      "updated_at": "2020-11-14 15:44:44-05:05",
      "deleted_at": null
    },
    {
      "id": "45",
      "id_academic_calendar": "12",
      "id_semester": "1",
      "denomination": "PROCESO 1",
      "state": "t",
      "created_at": "2020-11-14 15:44:44-05:05",
      "updated_at": "2020-11-14 15:44:44-05:05",
      "deleted_at": null
    },
    {
      "id": "46",
      "id_academic_calendar": "12",
      "id_semester": "2",
      "denomination": "PROCESO 2",
      "state": "t",
      "created_at": "2020-11-14 15:44:44-05:05",
      "updated_at": "2020-11-14 15:44:44-05:05",
      "deleted_at": null
    },
    {
      "id": "47",
      "id_academic_calendar": "12",
      "id_semester": "3",
      "denomination": "PROCESO 3",
      "state": "f",
      "created_at": "2020-11-14 15:44:44-05:05",
      "updated_at": "2020-11-14 15:44:44-05:05",
      "deleted_at": null
    },
    {
      "id": "48",
      "id_academic_calendar": "12",
      "id_semester": "4",
      "denomination": "PROCESO 4",
      "state": "f",
      "created_at": "2020-11-14 15:44:44-05:05",
      "updated_at": "2020-11-14 15:44:44-05:05",
      "deleted_at": null
    },
    {
      "id": "49",
      "id_academic_calendar": "13",
      "id_semester": "1",
      "denomination": "PROCESO 1",
      "state": "t",
      "created_at": "2020-11-14 15:44:44-05:05",
      "updated_at": "2020-11-14 15:44:44-05:05",
      "deleted_at": null
    },
    {
      "id": "50",
      "id_academic_calendar": "13",
      "id_semester": "2",
      "denomination": "PROCESO 2",
      "state": "t",
      "created_at": "2020-11-14 15:44:44-05:05",
      "updated_at": "2020-11-14 15:44:44-05:05",
      "deleted_at": null
    },
    {
      "id": "51",
      "id_academic_calendar": "13",
      "id_semester": "3",
      "denomination": "PROCESO 3",
      "state": "f",
      "created_at": "2020-11-14 15:44:44-05:05",
      "updated_at": "2020-11-14 15:44:44-05:05",
      "deleted_at": null
    },
    {
      "id": "52",
      "id_academic_calendar": "13",
      "id_semester": "4",
      "denomination": "PROCESO 4",
      "state": "f",
      "created_at": "2020-11-14 15:44:44-05:05",
      "updated_at": "2020-11-14 15:44:44-05:05",
      "deleted_at": null
    },
    {
      "id": "53",
      "id_academic_calendar": "14",
      "id_semester": "1",
      "denomination": "PROCESO 1",
      "state": "t",
      "created_at": "2020-11-14 15:44:44-05:05",
      "updated_at": "2020-11-14 15:44:44-05:05",
      "deleted_at": null
    },
    {
      "id": "54",
      "id_academic_calendar": "14",
      "id_semester": "2",
      "denomination": "PROCESO 2",
      "state": "t",
      "created_at": "2020-11-14 15:44:44-05:05",
      "updated_at": "2020-11-14 15:44:44-05:05",
      "deleted_at": null
    },
    {
      "id": "55",
      "id_academic_calendar": "14",
      "id_semester": "3",
      "denomination": "PROCESO 3",
      "state": "f",
      "created_at": "2020-11-14 15:44:44-05:05",
      "updated_at": "2020-11-14 15:44:44-05:05",
      "deleted_at": null
    },
    {
      "id": "56",
      "id_academic_calendar": "14",
      "id_semester": "4",
      "denomination": "PROCESO 4",
      "state": "f",
      "created_at": "2020-11-14 15:44:44-05:05",
      "updated_at": "2020-11-14 15:44:44-05:05",
      "deleted_at": null
    },
    {
      "id": "57",
      "id_academic_calendar": "15",
      "id_semester": "1",
      "denomination": "PROCESO 1",
      "state": "t",
      "created_at": "2020-11-14 15:44:44-05:05",
      "updated_at": "2020-11-14 15:44:44-05:05",
      "deleted_at": null
    },
    {
      "id": "58",
      "id_academic_calendar": "15",
      "id_semester": "2",
      "denomination": "PROCESO 2",
      "state": "t",
      "created_at": "2020-11-14 15:44:44-05:05",
      "updated_at": "2020-11-14 15:44:44-05:05",
      "deleted_at": null
    },
    {
      "id": "59",
      "id_academic_calendar": "15",
      "id_semester": "3",
      "denomination": "PROCESO 3",
      "state": "f",
      "created_at": "2020-11-14 15:44:44-05:05",
      "updated_at": "2020-11-14 15:44:44-05:05",
      "deleted_at": null
    },
    {
      "id": "60",
      "id_academic_calendar": "15",
      "id_semester": "4",
      "denomination": "PROCESO 4",
      "state": "f",
      "created_at": "2020-11-14 15:44:44-05:05",
      "updated_at": "2020-11-14 15:44:44-05:05",
      "deleted_at": null
    },
    {
      "id": "61",
      "id_academic_calendar": "16",
      "id_semester": "1",
      "denomination": "PROCESO 1",
      "state": "t",
      "created_at": "2020-11-14 15:44:44-05:05",
      "updated_at": "2020-11-14 15:44:44-05:05",
      "deleted_at": null
    },
    {
      "id": "62",
      "id_academic_calendar": "16",
      "id_semester": "2",
      "denomination": "PROCESO 2",
      "state": "t",
      "created_at": "2020-11-14 15:44:44-05:05",
      "updated_at": "2020-11-14 15:44:44-05:05",
      "deleted_at": null
    },
    {
      "id": "63",
      "id_academic_calendar": "16",
      "id_semester": "3",
      "denomination": "PROCESO 3",
      "state": "f",
      "created_at": "2020-11-14 15:44:44-05:05",
      "updated_at": "2020-11-14 15:44:44-05:05",
      "deleted_at": null
    },
    {
      "id": "64",
      "id_academic_calendar": "16",
      "id_semester": "4",
      "denomination": "PROCESO 4",
      "state": "f",
      "created_at": "2020-11-14 15:44:44-05:05",
      "updated_at": "2020-11-14 15:44:44-05:05",
      "deleted_at": null
    },
    {
      "id": "65",
      "id_academic_calendar": "17",
      "id_semester": "1",
      "denomination": "PROCESO 1",
      "state": "t",
      "created_at": "2020-11-14 15:44:44-05:05",
      "updated_at": "2020-11-14 15:44:44-05:05",
      "deleted_at": null
    },
    {
      "id": "66",
      "id_academic_calendar": "17",
      "id_semester": "2",
      "denomination": "PROCESO 2",
      "state": "t",
      "created_at": "2020-11-14 15:44:44-05:05",
      "updated_at": "2020-11-14 15:44:44-05:05",
      "deleted_at": null
    },
    {
      "id": "67",
      "id_academic_calendar": "17",
      "id_semester": "3",
      "denomination": "PROCESO 3",
      "state": "f",
      "created_at": "2020-11-14 15:44:44-05:05",
      "updated_at": "2020-11-14 15:44:44-05:05",
      "deleted_at": null
    },
    {
      "id": "68",
      "id_academic_calendar": "17",
      "id_semester": "4",
      "denomination": "PROCESO 4",
      "state": "f",
      "created_at": "2020-11-14 15:44:44-05:05",
      "updated_at": "2020-11-14 15:44:44-05:05",
      "deleted_at": null
    },
    {
      "id": "69",
      "id_academic_calendar": "18",
      "id_semester": "1",
      "denomination": "PROCESO 1",
      "state": "t",
      "created_at": "2020-11-14 15:44:44-05:05",
      "updated_at": "2020-11-14 15:44:44-05:05",
      "deleted_at": null
    },
    {
      "id": "70",
      "id_academic_calendar": "18",
      "id_semester": "2",
      "denomination": "PROCESO 2",
      "state": "t",
      "created_at": "2020-11-14 15:44:44-05:05",
      "updated_at": "2020-11-14 15:44:44-05:05",
      "deleted_at": null
    },
    {
      "id": "71",
      "id_academic_calendar": "18",
      "id_semester": "3",
      "denomination": "PROCESO 3",
      "state": "f",
      "created_at": "2020-11-14 15:44:44-05:05",
      "updated_at": "2020-11-14 15:44:44-05:05",
      "deleted_at": null
    },
    {
      "id": "72",
      "id_academic_calendar": "18",
      "id_semester": "4",
      "denomination": "PROCESO 4",
      "state": "f",
      "created_at": "2020-11-14 15:44:44-05:05",
      "updated_at": "2020-11-14 15:44:44-05:05",
      "deleted_at": null
    },
    {
      "id": "73",
      "id_academic_calendar": "19",
      "id_semester": "1",
      "denomination": "PROCESO 1",
      "state": "t",
      "created_at": "2020-11-14 15:44:44-05:05",
      "updated_at": "2020-11-14 15:44:44-05:05",
      "deleted_at": null
    },
    {
      "id": "74",
      "id_academic_calendar": "19",
      "id_semester": "2",
      "denomination": "PROCESO 2",
      "state": "t",
      "created_at": "2020-11-14 15:44:44-05:05",
      "updated_at": "2020-11-14 15:44:44-05:05",
      "deleted_at": null
    },
    {
      "id": "75",
      "id_academic_calendar": "19",
      "id_semester": "3",
      "denomination": "PROCESO 3",
      "state": "f",
      "created_at": "2020-11-14 15:44:44-05:05",
      "updated_at": "2020-11-14 15:44:44-05:05",
      "deleted_at": null
    },
    {
      "id": "76",
      "id_academic_calendar": "19",
      "id_semester": "4",
      "denomination": "PROCESO 4",
      "state": "f",
      "created_at": "2020-11-14 15:44:44-05:05",
      "updated_at": "2020-11-14 15:44:44-05:05",
      "deleted_at": null
    },
    {
      "id": "77",
      "id_academic_calendar": "20",
      "id_semester": "1",
      "denomination": "PROCESO 1",
      "state": "t",
      "created_at": "2020-11-14 15:44:44-05:05",
      "updated_at": "2020-11-14 15:44:44-05:05",
      "deleted_at": null
    },
    {
      "id": "78",
      "id_academic_calendar": "20",
      "id_semester": "2",
      "denomination": "PROCESO 2",
      "state": "t",
      "created_at": "2020-11-14 15:44:44-05:05",
      "updated_at": "2020-11-14 15:44:44-05:05",
      "deleted_at": null
    },
    {
      "id": "79",
      "id_academic_calendar": "20",
      "id_semester": "3",
      "denomination": "PROCESO 3",
      "state": "f",
      "created_at": "2020-11-14 15:44:44-05:05",
      "updated_at": "2020-11-14 15:44:44-05:05",
      "deleted_at": null
    },
    {
      "id": "80",
      "id_academic_calendar": "20",
      "id_semester": "4",
      "denomination": "PROCESO 4",
      "state": "f",
      "created_at": "2020-11-14 15:44:44-05:05",
      "updated_at": "2020-11-14 15:44:44-05:05",
      "deleted_at": null
    },
    {
      "id": "22",
      "id_academic_calendar": "6",
      "id_semester": "2",
      "denomination": "PROCESO 2",
      "state": "t",
      "created_at": "2020-11-14 15:44:44-05:05",
      "updated_at": "2020-11-14 15:48:25.246-05:05",
      "deleted_at": null
    },
    {
      "id": "24",
      "id_academic_calendar": "6",
      "id_semester": "4",
      "denomination": "PROCESO 4",
      "state": "f",
      "created_at": "2020-11-14 15:44:44-05:05",
      "updated_at": "2020-11-14 15:48:25.248-05:05",
      "deleted_at": null
    },
    {
      "id": "85",
      "id_academic_calendar": "22",
      "id_semester": "1",
      "denomination": "PROCESO 1",
      "state": "t",
      "created_at": "2021-03-15 14:17:24.405-05:05",
      "updated_at": "2021-03-15 14:17:24.405-05:05",
      "deleted_at": null
    },
    {
      "id": "86",
      "id_academic_calendar": "22",
      "id_semester": "2",
      "denomination": "PROCESO 2",
      "state": "t",
      "created_at": "2021-03-15 14:17:24.443-05:05",
      "updated_at": "2021-03-15 14:17:24.443-05:05",
      "deleted_at": null
    },
    {
      "id": "88",
      "id_academic_calendar": "22",
      "id_semester": "3",
      "denomination": "PROCESO 3",
      "state": "f",
      "created_at": "2021-03-15 14:17:24.446-05:05",
      "updated_at": "2021-03-15 14:17:24.446-05:05",
      "deleted_at": null
    },
    {
      "id": "91",
      "id_academic_calendar": "22",
      "id_semester": "4",
      "denomination": "PROCESO 4",
      "state": "f",
      "created_at": "2021-03-15 14:17:24.448-05:05",
      "updated_at": "2021-03-15 14:17:24.448-05:05",
      "deleted_at": null
    }
  ]
}