{
  "RECORDS": [
    {
      "id": "1",
      "denomination": "Bachiller",
      "abbreviation": "Br.",
      "state": "t",
      "created_at": "2020-08-25 15:02:53-05:05",
      "updated_at": "2020-08-25 15:02:55-05:05",
      "deleted_at": null
    },
    {
      "id": "2",
      "denomination": "Maestro",
      "abbreviation": "M.S.c",
      "state": "t",
      "created_at": "2020-08-25 15:02:53-05:05",
      "updated_at": "2020-08-25 15:02:55-05:05",
      "deleted_at": null
    },
    {
      "id": "3",
      "denomination": "Maestro",
      "abbreviation": "M.g",
      "state": "t",
      "created_at": "2020-08-25 15:02:53-05:05",
      "updated_at": "2020-08-25 15:02:55-05:05",
      "deleted_at": null
    },
    {
      "id": "4",
      "denomination": "Doctor",
      "abbreviation": "Dr.",
      "state": "t",
      "created_at": "2020-08-25 15:02:53-05:05",
      "updated_at": "2020-08-25 15:02:55-05:05",
      "deleted_at": null
    },
    {
      "id": "5",
      "denomination": "Especialista",
      "abbreviation": "Esp.",
      "state": "t",
      "created_at": "2020-08-25 15:02:53-05:05",
      "updated_at": "2020-08-25 15:02:55-05:05",
      "deleted_at": null
    }
  ]
}