{
  "RECORDS": [
    {
      "id": "1",
      "id_activity_type": "1",
      "denomination": "Pago por derecho de inscripción",
      "state": "t",
      "created_at": "2020-08-25 15:02:53-05:05",
      "updated_at": "2020-08-25 15:02:55-05:05",
      "deleted_at": null
    },
    {
      "id": "2",
      "id_activity_type": "1",
      "denomination": "Inscripción vía Internet",
      "state": "t",
      "created_at": "2020-08-25 15:02:53-05:05",
      "updated_at": "2020-08-25 15:02:55-05:05",
      "deleted_at": null
    },
    {
      "id": "3",
      "id_activity_type": "1",
      "denomination": "Examen Virtual",
      "state": "t",
      "created_at": "2020-08-25 15:02:53-05:05",
      "updated_at": "2020-08-25 15:02:55-05:05",
      "deleted_at": null
    },
    {
      "id": "4",
      "id_activity_type": "1",
      "denomination": "Publicacion de resultados",
      "state": "t",
      "created_at": "2020-08-25 15:02:53-05:05",
      "updated_at": "2020-08-25 15:02:55-05:05",
      "deleted_at": null
    },
    {
      "id": "5",
      "id_activity_type": "2",
      "denomination": "Matricula Regular",
      "state": "t",
      "created_at": "2020-08-25 15:02:53-05:05",
      "updated_at": "2020-08-25 15:02:55-05:05",
      "deleted_at": null
    },
    {
      "id": "6",
      "id_activity_type": "2",
      "denomination": "Matricula Ingresantes",
      "state": "t",
      "created_at": "2020-08-25 15:02:53-05:05",
      "updated_at": "2020-08-25 15:02:55-05:05",
      "deleted_at": null
    },
    {
      "id": "7",
      "id_activity_type": "2",
      "denomination": "Matricula Extemporanea",
      "state": "t",
      "created_at": "2020-08-25 15:02:53-05:05",
      "updated_at": "2020-08-25 15:02:55-05:05",
      "deleted_at": null
    },
    {
      "id": "8",
      "id_activity_type": "3",
      "denomination": "Inicio de clases",
      "state": "t",
      "created_at": "2020-08-25 15:02:53-05:05",
      "updated_at": "2020-08-25 15:02:55-05:05",
      "deleted_at": null
    },
    {
      "id": "9",
      "id_activity_type": "3",
      "denomination": "Finalizacion de clases",
      "state": "t",
      "created_at": "2020-08-25 15:02:53-05:05",
      "updated_at": "2020-08-25 15:02:55-05:05",
      "deleted_at": null
    },
    {
      "id": "10",
      "id_activity_type": "4",
      "denomination": "Ingreso de notas y cierre de actas",
      "state": "t",
      "created_at": "2020-08-25 15:02:53-05:05",
      "updated_at": "2020-08-25 15:02:55-05:05",
      "deleted_at": null
    }
  ]
}