{
  "RECORDS": [
    {
      "id": "1",
      "denomination": "Interbank",
      "state": "t",
      "created_at": "2020-08-25 15:02:53-05:05",
      "updated_at": "2020-08-25 15:02:55-05:05",
      "deleted_at": null
    },
    {
      "id": "2",
      "denomination": "BBVA",
      "state": "t",
      "created_at": "2020-08-25 15:02:53-05:05",
      "updated_at": "2020-08-25 15:02:55-05:05",
      "deleted_at": null
    },
    {
      "id": "3",
      "denomination": "Banco de la Nación",
      "state": "t",
      "created_at": "2020-08-25 15:02:53-05:05",
      "updated_at": "2020-08-25 15:02:55-05:05",
      "deleted_at": null
    },
    {
      "id": "4",
      "denomination": "BCP",
      "state": "t",
      "created_at": "2020-08-25 15:02:53-05:05",
      "updated_at": "2020-08-25 15:02:55-05:05",
      "deleted_at": null
    }
  ]
}