{
  "RECORDS": [
    {
      "id": "1",
      "denomination": "Administrador",
      "abbreviation": "Admin",
      "state": "t",
      "created_at": "2020-08-25 15:02:53-05:05",
      "updated_at": "2020-08-25 15:02:55-05:05",
      "deleted_at": null
    },
    {
      "id": "2",
      "denomination": "Director",
      "abbreviation": "Dir",
      "state": "t",
      "created_at": "2020-08-25 15:02:53-05:05",
      "updated_at": "2020-08-25 15:02:55-05:05",
      "deleted_at": null
    },
    {
      "id": "3",
      "denomination": "Asistente Administrativa",
      "abbreviation": "Asis. Adm",
      "state": "t",
      "created_at": "2020-08-25 15:02:53-05:05",
      "updated_at": "2020-08-25 15:02:55-05:05",
      "deleted_at": null
    },
    {
      "id": "4",
      "denomination": "Docente",
      "abbreviation": "Doc.",
      "state": "t",
      "created_at": "2020-08-25 15:02:53-05:05",
      "updated_at": "2020-08-25 15:02:55-05:05",
      "deleted_at": null
    },
    {
      "id": "5",
      "denomination": "CONTROL ECONOMICO",
      "abbreviation": "",
      "state": "t",
      "created_at": "2021-02-01 11:29:13.907-05:05",
      "updated_at": "2021-02-01 11:29:13.907-05:05",
      "deleted_at": null
    }
  ]
}