{
  "RECORDS": [
    {
      "id": "1",
      "denomination": "Temporal",
      "abbreviation": "",
      "state": "t",
      "created_at": "2020-08-25 15:02:53-05:05",
      "updated_at": "2020-08-25 15:02:55-05:05",
      "deleted_at": null
    },
    {
      "id": "2",
      "denomination": "Ocasional",
      "abbreviation": "",
      "state": "t",
      "created_at": "2020-08-25 15:02:53-05:05",
      "updated_at": "2020-08-25 15:02:55-05:05",
      "deleted_at": null
    },
    {
      "id": "3",
      "denomination": "Accidental",
      "abbreviation": "",
      "state": "t",
      "created_at": "2020-08-25 15:02:53-05:05",
      "updated_at": "2020-08-25 15:02:55-05:05",
      "deleted_at": null
    },
    {
      "id": "4",
      "denomination": "NOMBRADO",
      "abbreviation": "",
      "state": "t",
      "created_at": "2021-02-01 11:27:51.203-05:05",
      "updated_at": "2021-02-01 11:27:51.203-05:05",
      "deleted_at": null
    }
  ]
}