{
  "RECORDS": [
    {
      "id": "3",
      "denomination": "Documento 1",
      "abbreviation": "D1",
      "state": "t",
      "created_at": "2020-08-25 15:02:53-05:05",
      "updated_at": "2020-08-25 15:02:55-05:05",
      "deleted_at": null
    },
    {
      "id": "4",
      "denomination": "Documento 2",
      "abbreviation": "D2",
      "state": "t",
      "created_at": "2020-08-25 15:02:53-05:05",
      "updated_at": "2020-08-25 15:02:55-05:05",
      "deleted_at": null
    },
    {
      "id": "2",
      "denomination": "RESOLUCIÓN DE RETIRO",
      "abbreviation": "D0",
      "state": "t",
      "created_at": "2020-08-25 15:02:53-05:05",
      "updated_at": "2021-02-17 00:03:39.99-05:05",
      "deleted_at": null
    },
    {
      "id": "5",
      "denomination": "ACREDITACIÓN",
      "abbreviation": "D3",
      "state": "t",
      "created_at": "2020-08-25 15:02:53-05:05",
      "updated_at": "2021-02-17 00:03:55.725-05:05",
      "deleted_at": null
    },
    {
      "id": "1",
      "denomination": "RESOLUCIÓN",
      "abbreviation": "Res.",
      "state": "t",
      "created_at": "2020-08-25 15:02:53-05:05",
      "updated_at": "2021-02-17 00:04:17.322-05:05",
      "deleted_at": null
    }
  ]
}