{
  "RECORDS": [
    {
      "id": "1",
      "id_parent": null,
      "id_document_type": "1",
      "id_unit_organic": "155",
      "topic": "Plan de estudio 2020",
      "emission_date": "",
      "code": "",
      "content": "",
      "archive": "1PROGRAMA202011104551296.docx",
      "expedient": "",
      "receibed_date": "",
      "state": "t",
      "created_at": "2020-11-18 10:46:02.969-05:05",
      "updated_at": "2020-11-18 10:46:02.969-05:05",
      "deleted_at": null
    },
    {
      "id": "2",
      "id_parent": null,
      "id_document_type": "1",
      "id_unit_organic": "155",
      "topic": "Plan de trabajo 2020 - 1",
      "emission_date": "",
      "code": "",
      "content": "",
      "archive": "1PROGRAMA20201111455579.pdf",
      "expedient": "",
      "receibed_date": "",
      "state": "t",
      "created_at": "2020-11-18 11:05:51.212-05:05",
      "updated_at": "2020-11-18 11:05:51.212-05:05",
      "deleted_at": null
    },
    {
      "id": "3",
      "id_parent": null,
      "id_document_type": "3",
      "id_unit_organic": "144",
      "topic": "PLAN DE ESTUDIO 2020 - II",
      "emission_date": "",
      "code": "",
      "content": "",
      "archive": "11PROGRAMA202011105042001.pdf",
      "expedient": "",
      "receibed_date": "",
      "state": "t",
      "created_at": "2020-11-22 22:50:19.861-05:05",
      "updated_at": "2020-11-22 23:04:21.482-05:05",
      "deleted_at": null
    },
    {
      "id": "4",
      "id_parent": null,
      "id_document_type": "4",
      "id_unit_organic": "144",
      "topic": "PLAN DE ADMISION 2020 - II",
      "emission_date": "",
      "code": "",
      "content": "",
      "archive": "11PROGRAMA20201111241720.pdf",
      "expedient": "",
      "receibed_date": "",
      "state": "t",
      "created_at": "2020-11-22 23:03:12.813-05:05",
      "updated_at": "2020-11-22 23:04:29.099-05:05",
      "deleted_at": null
    },
    {
      "id": "7",
      "id_parent": null,
      "id_document_type": "1",
      "id_unit_organic": "155",
      "topic": "RESOLUCIÓN N 559-2017-UNSM/CU-R/NLU",
      "emission_date": "",
      "code": "",
      "content": "",
      "archive": "",
      "expedient": "",
      "receibed_date": "",
      "state": "t",
      "created_at": "2020-11-27 11:21:50.65-05:05",
      "updated_at": "2020-11-27 11:21:50.65-05:05",
      "deleted_at": null
    },
    {
      "id": "8",
      "id_parent": null,
      "id_document_type": "1",
      "id_unit_organic": "155",
      "topic": "RESOLUCION N° 007-2019-UNSM-CU-R",
      "emission_date": "",
      "code": "",
      "content": "",
      "archive": "9PROGRAMA20201111010374.pdf",
      "expedient": "",
      "receibed_date": "",
      "state": "t",
      "created_at": "2020-11-30 11:02:21.224-05:05",
      "updated_at": "2020-11-30 11:02:21.224-05:05",
      "deleted_at": null
    },
    {
      "id": "5",
      "id_parent": null,
      "id_document_type": "1",
      "id_unit_organic": "155",
      "topic": "RESOLUCION N° 007-2019-UNSM-CU-R",
      "emission_date": "",
      "code": "",
      "content": "",
      "archive": "6PROGRAMA202011112222841.pdf",
      "expedient": "",
      "receibed_date": "",
      "state": "t",
      "created_at": "2020-11-27 11:19:19.867-05:05",
      "updated_at": "2020-11-30 11:23:01.431-05:05",
      "deleted_at": null
    },
    {
      "id": "12",
      "id_parent": null,
      "id_document_type": "2",
      "id_unit_organic": "151",
      "topic": "MAESTRÍA CIENCIAS CON MENCIÓN EN GESTIÓN AMBIENTAL ",
      "emission_date": "",
      "code": "",
      "content": "",
      "archive": "24PROGRAMA20201214213580.pdf",
      "expedient": "",
      "receibed_date": "",
      "state": "t",
      "created_at": "2020-12-04 13:42:39.425-05:05",
      "updated_at": "2020-12-04 13:42:39.425-05:05",
      "deleted_at": null
    },
    {
      "id": "13",
      "id_parent": null,
      "id_document_type": "2",
      "id_unit_organic": "151",
      "topic": "MAESTRÍA CIENCIAS CON MENCIÓN EN GESTIÓN AMBIENTAL 2019-I",
      "emission_date": "",
      "code": "",
      "content": "",
      "archive": "25PROGRAMA20201215710024.pdf",
      "expedient": "",
      "receibed_date": "",
      "state": "t",
      "created_at": "2020-12-04 13:57:34.598-05:05",
      "updated_at": "2020-12-04 13:57:34.598-05:05",
      "deleted_at": null
    },
    {
      "id": "14",
      "id_parent": null,
      "id_document_type": "2",
      "id_unit_organic": "151",
      "topic": "MAESTRÍA CIENCIAS CON MENCIÓN EN GESTIÓN AMBIENTAL 2018-I",
      "emission_date": "",
      "code": "",
      "content": "",
      "archive": "26PROGRAMA2020122123957.pdf",
      "expedient": "",
      "receibed_date": "",
      "state": "t",
      "created_at": "2020-12-04 14:01:40.629-05:05",
      "updated_at": "2020-12-04 14:01:40.629-05:05",
      "deleted_at": null
    },
    {
      "id": "15",
      "id_parent": null,
      "id_document_type": "2",
      "id_unit_organic": "151",
      "topic": "MAESTRÍA CIENCIAS CON MENCIÓN EN GESTIÓN AMBIENTAL 2017-I",
      "emission_date": "",
      "code": "",
      "content": "",
      "archive": "27PROGRAMA20201222926200.pdf",
      "expedient": "",
      "receibed_date": "",
      "state": "t",
      "created_at": "2020-12-04 14:29:40.033-05:05",
      "updated_at": "2020-12-04 14:29:40.033-05:05",
      "deleted_at": null
    },
    {
      "id": "16",
      "id_parent": null,
      "id_document_type": "1",
      "id_unit_organic": "155",
      "topic": "RESOLUCION N°007 -2019-UNSM-CU-R",
      "emission_date": "",
      "code": "",
      "content": "",
      "archive": "",
      "expedient": "",
      "receibed_date": "",
      "state": "t",
      "created_at": "2020-12-07 14:24:02.617-05:05",
      "updated_at": "2020-12-07 14:26:07.868-05:05",
      "deleted_at": null
    },
    {
      "id": "6",
      "id_parent": null,
      "id_document_type": "1",
      "id_unit_organic": "155",
      "topic": "RESOLUCION DECONSEJO UNIVERSITARIO",
      "emission_date": "",
      "code": "",
      "content": "",
      "archive": "",
      "expedient": "",
      "receibed_date": "",
      "state": "t",
      "created_at": "2020-11-27 11:21:46.748-05:05",
      "updated_at": "2020-12-07 14:26:17.502-05:05",
      "deleted_at": "2020-12-07 14:26:17.502-05:05"
    },
    {
      "id": "11",
      "id_parent": null,
      "id_document_type": "4",
      "id_unit_organic": "151",
      "topic": "El nombre del documento",
      "emission_date": "",
      "code": "",
      "content": "",
      "archive": "12PROGRAMA20201212370811.pdf",
      "expedient": "",
      "receibed_date": "",
      "state": "t",
      "created_at": "2020-12-04 12:37:22.127-05:05",
      "updated_at": "2020-12-10 10:27:05.853-05:05",
      "deleted_at": null
    },
    {
      "id": "9",
      "id_parent": null,
      "id_document_type": "1",
      "id_unit_organic": "151",
      "topic": "El nombre del documento",
      "emission_date": "",
      "code": "",
      "content": "",
      "archive": "12PROGRAMA20201212839196. 2614",
      "expedient": "",
      "receibed_date": "",
      "state": "t",
      "created_at": "2020-12-04 12:09:38.541-05:05",
      "updated_at": "2020-12-10 10:27:34.738-05:05",
      "deleted_at": null
    },
    {
      "id": "10",
      "id_parent": null,
      "id_document_type": "2",
      "id_unit_organic": "151",
      "topic": "PLAN DE TRABAJO 2020 - 1",
      "emission_date": "",
      "code": "",
      "content": "",
      "archive": "12PROGRAMA202012121030735.pdf",
      "expedient": "",
      "receibed_date": "",
      "state": "t",
      "created_at": "2020-12-04 12:24:01.353-05:05",
      "updated_at": "2020-12-10 10:30:07.424-05:05",
      "deleted_at": null
    },
    {
      "id": "18",
      "id_parent": null,
      "id_document_type": "2",
      "id_unit_organic": "154",
      "topic": "PLAN DE ADMISION 2018 1 ",
      "emission_date": "",
      "code": "",
      "content": "",
      "archive": "14PROGRAMA2021294552062.docx",
      "expedient": "",
      "receibed_date": "",
      "state": "t",
      "created_at": "2021-02-02 09:45:10.195-05:05",
      "updated_at": "2021-02-11 19:59:59.038-05:05",
      "deleted_at": "2021-02-11 19:59:59.037-05:05"
    },
    {
      "id": "19",
      "id_parent": null,
      "id_document_type": "2",
      "id_unit_organic": "154",
      "topic": "PLAN DE ESTUDIOS  2017 DOCTORADO ",
      "emission_date": "",
      "code": "",
      "content": "",
      "archive": "34PROGRAMA2021262852763.doc",
      "expedient": "",
      "receibed_date": "",
      "state": "t",
      "created_at": "2021-02-12 18:29:20.987-05:05",
      "updated_at": "2021-02-12 18:29:20.987-05:05",
      "deleted_at": null
    },
    {
      "id": "20",
      "id_parent": null,
      "id_document_type": "2",
      "id_unit_organic": "154",
      "topic": "PLAN DE ESTUDIOS 2017 GESTION EDUCATIVA",
      "emission_date": "",
      "code": "",
      "content": "",
      "archive": "35PROGRAMA2021263137109.doc",
      "expedient": "",
      "receibed_date": "",
      "state": "t",
      "created_at": "2021-02-12 18:32:04.575-05:05",
      "updated_at": "2021-02-12 18:32:04.575-05:05",
      "deleted_at": null
    },
    {
      "id": "21",
      "id_parent": null,
      "id_document_type": "2",
      "id_unit_organic": "154",
      "topic": "PLAN DE ESTUDIOS 2017 TUTORIA Y ORIENTACION EDUCATIVA",
      "emission_date": "",
      "code": "",
      "content": "",
      "archive": "36PROGRAMA202126358214.doc",
      "expedient": "",
      "receibed_date": "",
      "state": "t",
      "created_at": "2021-02-12 18:35:12.877-05:05",
      "updated_at": "2021-02-12 18:35:12.877-05:05",
      "deleted_at": null
    },
    {
      "id": "17",
      "id_parent": null,
      "id_document_type": "2",
      "id_unit_organic": "154",
      "topic": "PLAN DE ESTUDIOS 2017 PSICOPEDAGOGIA",
      "emission_date": "",
      "code": "",
      "content": "",
      "archive": "14PROGRAMA202129449776.doc",
      "expedient": "",
      "receibed_date": "",
      "state": "t",
      "created_at": "2021-02-02 09:44:25.257-05:05",
      "updated_at": "2021-02-12 18:35:53.696-05:05",
      "deleted_at": null
    },
    {
      "id": "22",
      "id_parent": null,
      "id_document_type": "5",
      "id_unit_organic": "144",
      "topic": "EVALUACIÓN CURRICULAR",
      "emission_date": "",
      "code": "",
      "content": "",
      "archive": "561-S-A2021291546694.docx",
      "expedient": "",
      "receibed_date": "",
      "state": "t",
      "created_at": "2021-02-26 21:15:55.449-05:05",
      "updated_at": "2021-02-26 21:15:55.449-05:05",
      "deleted_at": null
    },
    {
      "id": "23",
      "id_parent": null,
      "id_document_type": "5",
      "id_unit_organic": "144",
      "topic": "PRUEBA DE CONOCIMIENTO",
      "emission_date": "",
      "code": "",
      "content": "",
      "archive": "561-S-A202129163493.docx",
      "expedient": "",
      "receibed_date": "",
      "state": "t",
      "created_at": "2021-02-26 21:16:08.328-05:05",
      "updated_at": "2021-02-26 21:16:08.328-05:05",
      "deleted_at": null
    },
    {
      "id": "24",
      "id_parent": null,
      "id_document_type": "5",
      "id_unit_organic": "144",
      "topic": "ENTREVISTA PERSONAL",
      "emission_date": "",
      "code": "",
      "content": "",
      "archive": "561-S-A2021291613975.docx",
      "expedient": "",
      "receibed_date": "",
      "state": "t",
      "created_at": "2021-02-26 21:16:18.431-05:05",
      "updated_at": "2021-02-26 21:16:18.431-05:05",
      "deleted_at": null
    },
    {
      "id": "25",
      "id_parent": null,
      "id_document_type": "3",
      "id_unit_organic": "154",
      "topic": "PLAN DE ESTUDIOS 2017 PSICOPEDAGOGIA",
      "emission_date": "",
      "code": "",
      "content": "",
      "archive": "38-P-2021373652115.doc",
      "expedient": "",
      "receibed_date": "",
      "state": "t",
      "created_at": "2021-03-15 07:37:12.171-05:05",
      "updated_at": "2021-03-15 07:37:12.171-05:05",
      "deleted_at": null
    },
    {
      "id": "26",
      "id_parent": null,
      "id_document_type": "3",
      "id_unit_organic": "154",
      "topic": "PSICOPEDAGOGIA",
      "emission_date": "",
      "code": "",
      "content": "",
      "archive": "38-P-2021373744654.doc",
      "expedient": "",
      "receibed_date": "",
      "state": "t",
      "created_at": "2021-03-15 07:37:57.773-05:05",
      "updated_at": "2021-03-15 07:38:12.519-05:05",
      "deleted_at": "2021-03-15 07:38:12.519-05:05"
    },
    {
      "id": "28",
      "id_parent": null,
      "id_document_type": "5",
      "id_unit_organic": "154",
      "topic": "ENTREVISTA PERSONAL",
      "emission_date": "",
      "code": "",
      "content": "",
      "archive": "619-S-A2021310235692.pdf",
      "expedient": "",
      "receibed_date": "",
      "state": "t",
      "created_at": "2021-03-16 10:27:14.236-05:05",
      "updated_at": "2021-03-16 10:27:14.236-05:05",
      "deleted_at": null
    },
    {
      "id": "27",
      "id_parent": null,
      "id_document_type": "5",
      "id_unit_organic": "154",
      "topic": "EVALUACIÓN CURRICULAR",
      "emission_date": "",
      "code": "",
      "content": "",
      "archive": "619-S-A2021310228798.pdf",
      "expedient": "",
      "receibed_date": "",
      "state": "t",
      "created_at": "2021-03-16 10:22:20.692-05:05",
      "updated_at": "2021-03-16 10:27:37.954-05:05",
      "deleted_at": null
    },
    {
      "id": "29",
      "id_parent": null,
      "id_document_type": "5",
      "id_unit_organic": "154",
      "topic": "PRUEBA DE CONOCIMIENTO",
      "emission_date": "",
      "code": "",
      "content": "",
      "archive": "619-S-A20213102830249.pdf",
      "expedient": "",
      "receibed_date": "",
      "state": "t",
      "created_at": "2021-03-16 10:28:36.01-05:05",
      "updated_at": "2021-03-16 10:28:36.01-05:05",
      "deleted_at": null
    },
    {
      "id": "30",
      "id_parent": null,
      "id_document_type": "5",
      "id_unit_organic": "154",
      "topic": "ENTREVISTA PERSONAL",
      "emission_date": "",
      "code": "",
      "content": "",
      "archive": "622-S-A20213102918438.pdf",
      "expedient": "",
      "receibed_date": "",
      "state": "t",
      "created_at": "2021-03-16 10:30:10.401-05:05",
      "updated_at": "2021-03-16 10:30:10.401-05:05",
      "deleted_at": null
    },
    {
      "id": "31",
      "id_parent": null,
      "id_document_type": "5",
      "id_unit_organic": "154",
      "topic": "EVALUACIÓN CURRICULAR",
      "emission_date": "",
      "code": "",
      "content": "",
      "archive": "622-S-A20213103049575.pdf",
      "expedient": "",
      "receibed_date": "",
      "state": "t",
      "created_at": "2021-03-16 10:31:07.749-05:05",
      "updated_at": "2021-03-16 10:31:07.749-05:05",
      "deleted_at": null
    },
    {
      "id": "32",
      "id_parent": null,
      "id_document_type": "5",
      "id_unit_organic": "154",
      "topic": "PRUEBA DE CONOCIMIENTO",
      "emission_date": "",
      "code": "",
      "content": "",
      "archive": "622-S-A20213103119624.pdf",
      "expedient": "",
      "receibed_date": "",
      "state": "t",
      "created_at": "2021-03-16 10:34:09.367-05:05",
      "updated_at": "2021-03-16 10:34:09.367-05:05",
      "deleted_at": null
    },
    {
      "id": "33",
      "id_parent": null,
      "id_document_type": "5",
      "id_unit_organic": "154",
      "topic": "EVALUACIÓN CURRICULAR",
      "emission_date": "",
      "code": "",
      "content": "",
      "archive": "623-S-A20213104059259.pdf",
      "expedient": "",
      "receibed_date": "",
      "state": "t",
      "created_at": "2021-03-16 10:41:35.952-05:05",
      "updated_at": "2021-03-16 10:41:35.952-05:05",
      "deleted_at": null
    },
    {
      "id": "34",
      "id_parent": null,
      "id_document_type": "5",
      "id_unit_organic": "154",
      "topic": "ENTREVISTA PERSONAL",
      "emission_date": "",
      "code": "",
      "content": "",
      "archive": "623-S-A20213104155541.pdf",
      "expedient": "",
      "receibed_date": "",
      "state": "t",
      "created_at": "2021-03-16 10:42:09.767-05:05",
      "updated_at": "2021-03-16 10:42:09.767-05:05",
      "deleted_at": null
    },
    {
      "id": "35",
      "id_parent": null,
      "id_document_type": "5",
      "id_unit_organic": "154",
      "topic": "PRUEBA DE CONOCIMIENTO",
      "emission_date": "",
      "code": "",
      "content": "",
      "archive": "623-S-A20213104233094.pdf",
      "expedient": "",
      "receibed_date": "",
      "state": "t",
      "created_at": "2021-03-16 10:42:46.1-05:05",
      "updated_at": "2021-03-16 10:42:46.1-05:05",
      "deleted_at": null
    },
    {
      "id": "36",
      "id_parent": null,
      "id_document_type": "5",
      "id_unit_organic": "154",
      "topic": "PRUEBA DE CONOCIMIENTO",
      "emission_date": "",
      "code": "",
      "content": "",
      "archive": "624-S-A20213104716159.pdf",
      "expedient": "",
      "receibed_date": "",
      "state": "t",
      "created_at": "2021-03-16 10:47:50.036-05:05",
      "updated_at": "2021-03-16 10:47:50.036-05:05",
      "deleted_at": null
    },
    {
      "id": "37",
      "id_parent": null,
      "id_document_type": "5",
      "id_unit_organic": "154",
      "topic": "EVALUACIÓN CURRICULAR",
      "emission_date": "",
      "code": "",
      "content": "",
      "archive": "627-S-A20213105445065.pdf",
      "expedient": "",
      "receibed_date": "",
      "state": "t",
      "created_at": "2021-03-16 10:55:36.185-05:05",
      "updated_at": "2021-03-16 10:55:36.185-05:05",
      "deleted_at": null
    },
    {
      "id": "38",
      "id_parent": null,
      "id_document_type": "5",
      "id_unit_organic": "154",
      "topic": "undefined",
      "emission_date": "",
      "code": "",
      "content": "",
      "archive": "628-S-A2021311532243.pdf",
      "expedient": "",
      "receibed_date": "",
      "state": "t",
      "created_at": "2021-03-16 11:05:46.35-05:05",
      "updated_at": "2021-03-16 11:05:46.35-05:05",
      "deleted_at": null
    },
    {
      "id": "39",
      "id_parent": null,
      "id_document_type": "5",
      "id_unit_organic": "154",
      "topic": "EVALUACIÓN CURRICULAR",
      "emission_date": "",
      "code": "",
      "content": "",
      "archive": "628-S-A2021311627332.pdf",
      "expedient": "",
      "receibed_date": "",
      "state": "t",
      "created_at": "2021-03-16 11:06:37.901-05:05",
      "updated_at": "2021-03-16 11:06:37.901-05:05",
      "deleted_at": null
    },
    {
      "id": "40",
      "id_parent": null,
      "id_document_type": "5",
      "id_unit_organic": "154",
      "topic": "PRUEBA DE CONOCIMIENTO",
      "emission_date": "",
      "code": "",
      "content": "",
      "archive": "628-S-A202131184732.pdf",
      "expedient": "",
      "receibed_date": "",
      "state": "t",
      "created_at": "2021-03-16 11:10:06.239-05:05",
      "updated_at": "2021-03-16 11:10:06.239-05:05",
      "deleted_at": null
    },
    {
      "id": "41",
      "id_parent": null,
      "id_document_type": "5",
      "id_unit_organic": "154",
      "topic": "ENTREVISTA PERSONAL",
      "emission_date": "",
      "code": "",
      "content": "",
      "archive": "630-S-A20213103845213.pdf",
      "expedient": "",
      "receibed_date": "",
      "state": "t",
      "created_at": "2021-03-17 10:39:16.083-05:05",
      "updated_at": "2021-03-17 10:39:16.083-05:05",
      "deleted_at": null
    },
    {
      "id": "42",
      "id_parent": null,
      "id_document_type": "5",
      "id_unit_organic": "154",
      "topic": "PRUEBA DE CONOCIMIENTO",
      "emission_date": "",
      "code": "",
      "content": "",
      "archive": "630-S-A20213103930638.pdf",
      "expedient": "",
      "receibed_date": "",
      "state": "t",
      "created_at": "2021-03-17 10:39:43.696-05:05",
      "updated_at": "2021-03-17 10:39:43.696-05:05",
      "deleted_at": null
    },
    {
      "id": "43",
      "id_parent": null,
      "id_document_type": "5",
      "id_unit_organic": "154",
      "topic": "ENTREVISTA PERSONAL",
      "emission_date": "",
      "code": "",
      "content": "",
      "archive": "631-S-A2021310509457.doc",
      "expedient": "",
      "receibed_date": "",
      "state": "t",
      "created_at": "2021-03-18 10:50:24.494-05:05",
      "updated_at": "2021-03-18 10:50:24.494-05:05",
      "deleted_at": null
    },
    {
      "id": "44",
      "id_parent": null,
      "id_document_type": "5",
      "id_unit_organic": "154",
      "topic": "EVALUACIÓN CURRICULAR",
      "emission_date": "",
      "code": "",
      "content": "",
      "archive": "631-S-A20213105156280.pdf",
      "expedient": "",
      "receibed_date": "",
      "state": "t",
      "created_at": "2021-03-18 10:52:17.076-05:05",
      "updated_at": "2021-03-18 10:52:17.076-05:05",
      "deleted_at": null
    },
    {
      "id": "45",
      "id_parent": null,
      "id_document_type": "3",
      "id_unit_organic": "151",
      "topic": "undefined",
      "emission_date": "",
      "code": "",
      "content": "",
      "archive": "12-P-20214104642026.pdf",
      "expedient": "",
      "receibed_date": "",
      "state": "t",
      "created_at": "2021-04-21 10:52:50.642-05:05",
      "updated_at": "2021-04-21 10:52:50.642-05:05",
      "deleted_at": null
    }
  ]
}